epoch,train_loss,train_accuracy,train_macro_f1,val_loss,val_accuracy,val_macro_f1,val_weighted_f1
1,0.6578368271390597,0.7749156700398651,0.6727987925331893,0.526342415076968,0.8126301179736294,0.48762031563314984,0.8612484844723628
2,0.452587751762978,0.833180006133088,0.7488182823400527,0.4511698363916931,0.8394633356465417,0.4954850943160938,0.8739864149888474
3,0.404435218010536,0.8489727077583563,0.7826490751222084,0.44310973659020036,0.8401572981725653,0.4958047005042748,0.8750479159099368
