confidence_threshold,sent_to_review,review_percent,auto_accuracy,auto_macro_f1,automatic_decisions
0.5,43,0.49693747833121465,0.9124274099883856,0.6644047183012458,8610
0.6,243,2.808274586848492,0.9221165279429251,0.6920931165623612,8410
0.7,411,4.749797758003005,0.9302353797621936,0.7132843516178694,8242
0.8,649,7.5002889171385645,0.9400299850074962,0.7436014889198804,8004
0.9,986,11.394891944990176,0.9516107995304552,0.7777323430533216,7667
