confidence_threshold,sent_to_review,review_percent,auto_accuracy,auto_macro_f1,automatic_decisions
0.5,48,0.5547209060441465,0.9116792562463684,0.6613205152214222,8605
0.6,223,2.577140875996764,0.9213523131672597,0.6900984123420304,8430
0.7,417,4.8191378712585236,0.9298203011170472,0.7145817283484587,8236
0.8,640,7.3962787472552876,0.9395981530013727,0.7417019452995544,8013
0.9,991,11.452675372703109,0.9522317932654659,0.7793071182353588,7662
