{
  "classifier": "linear_svm",
  "labels": [
    "bullying",
    "safe_or_irrelevant",
    "substance",
    "violence_or_abuse"
  ],
  "val": {
    "accuracy": 0.8933610918343743,
    "macro_f1": 0.6002776252962476,
    "weighted_f1": 0.9077809615244475,
    "per_class_report": {
      "bullying": {
        "precision": 0.4444444444444444,
        "recall": 0.2926829268292683,
        "f1-score": 0.35294117647058826,
        "support": 41.0
      },
      "safe_or_irrelevant": {
        "precision": 0.9798639455782313,
        "recall": 0.9060259152094603,
        "f1-score": 0.9414994444081313,
        "support": 7949.0
      },
      "substance": {
        "precision": 0.3805704099821747,
        "recall": 0.8211538461538461,
        "f1-score": 0.5200974421437271,
        "support": 520.0
      },
      "violence_or_abuse": {
        "precision": 0.564625850340136,
        "recall": 0.6102941176470589,
        "f1-score": 0.5865724381625441,
        "support": 136.0
      },
      "accuracy": 0.8933610918343743,
      "macro avg": {
        "precision": 0.5923761625862467,
        "recall": 0.6575392014599084,
        "f1-score": 0.6002776252962476,
        "support": 8646.0
      },
      "weighted avg": {
        "precision": 0.9347497634120486,
        "recall": 0.8933610918343743,
        "f1-score": 0.9077809615244475,
        "support": 8646.0
      }
    },
    "confusion_matrix": [
      [
        12,
        22,
        5,
        2
      ],
      [
        13,
        7202,
        674,
        60
      ],
      [
        0,
        91,
        427,
        2
      ],
      [
        2,
        35,
        16,
        83
      ]
    ]
  },
  "test": {
    "accuracy": 0.8983011672252398,
    "macro_f1": 0.6259889091112412,
    "weighted_f1": 0.911553551250387,
    "per_class_report": {
      "bullying": {
        "precision": 0.6190476190476191,
        "recall": 0.3023255813953488,
        "f1-score": 0.40625,
        "support": 43.0
      },
      "safe_or_irrelevant": {
        "precision": 0.9806233062330624,
        "recall": 0.9101999748459313,
        "f1-score": 0.9441001891592199,
        "support": 7951.0
      },
      "substance": {
        "precision": 0.3946886446886447,
        "recall": 0.8256704980842912,
        "f1-score": 0.5340768277571252,
        "support": 522.0
      },
      "violence_or_abuse": {
        "precision": 0.575,
        "recall": 0.6715328467153284,
        "f1-score": 0.6195286195286195,
        "support": 137.0
      },
      "accuracy": 0.8983011672252398,
      "macro avg": {
        "precision": 0.6423398924923316,
        "recall": 0.677432225260225,
        "f1-score": 0.6259889091112412,
        "support": 8653.0
      },
      "weighted avg": {
        "precision": 0.9370573706235523,
        "recall": 0.8983011672252398,
        "f1-score": 0.911553551250387,
        "support": 8653.0
      }
    },
    "confusion_matrix": [
      [
        13,
        22,
        3,
        5
      ],
      [
        6,
        7237,
        648,
        60
      ],
      [
        1,
        87,
        431,
        3
      ],
      [
        1,
        34,
        10,
        92
      ]
    ]
  }
}