classifier,val_accuracy,val_macro_f1,val_weighted_f1,test_accuracy,test_macro_f1,test_weighted_f1
mlp,0.8959056210964608,0.6065738170978497,0.9111009767832101,0.9051196116953658,0.6420127072994821,0.9183470830673794
linear_svm,0.8933610918343743,0.6002776252962476,0.9077809615244475,0.8983011672252398,0.6259889091112412,0.911553551250387
logistic_regression,0.823617857969003,0.4718910799059279,0.8615457688906873,0.8296544551022766,0.47248434849545157,0.8657740276016741
