confidence_bin,count,percent,avg_confidence,accuracy,error_rate,calibration_gap
"(0.3, 0.4]",5,0.057783427712931934,0.37947915290302764,0.6,0.4,-0.22052084709697234
"(0.4, 0.5]",43,0.4969374783312146,0.4620887299721085,0.4418604651162791,0.5581395348837209,0.020228264855829403
"(0.5, 0.6]",175,2.0224199699526175,0.5488265229628223,0.44571428571428573,0.5542857142857143,0.10311223724853658
"(0.6, 0.7]",194,2.241996995261759,0.6506288972337807,0.5618556701030928,0.4381443298969072,0.08877322713068792
"(0.7, 0.8]",223,2.577140875996764,0.7488088173227889,0.57847533632287,0.42152466367713004,0.17033348099991896
"(0.8, 0.9]",351,4.056396625447822,0.85439136519567,0.6638176638176638,0.33618233618233617,0.19057370137800622
"(0.9, 1.0]",7662,88.54732462729689,0.9938146916952544,0.9522317932654659,0.04776820673453408,0.04158289842978846
