epoch,train_loss,train_accuracy,train_macro_f1,val_loss,val_accuracy,val_macro_f1,val_weighted_f1
1,0.5667511197948354,0.8077276908923643,0.7074388289832416,0.5448236945813227,0.786028221142725,0.48225916357842724,0.8411343186221978
2,0.31186740204643953,0.8836246550137995,0.8395134248685704,0.4626982284728765,0.8374971084894749,0.5114417174646335,0.8717365397139101
3,0.17165119686707805,0.9294694878871512,0.9222613960211808,0.32938228235114797,0.8982188295165394,0.5742515256390225,0.9150947407766781
